{
    "model_name": "regressor",
    "dataset_name": "sandwich+ultra8t_to_ssram+digtime+timing_ctrl+array_128_32_8t",
    "epoch": 10,
    "timestamp": "20250402_153146",
    "params": {
        "train_dataset": "sandwich+ultra8t",
        "test_dataset": "ssram+digtime+timing_ctrl+array_128_32_8t",
        "task": "regression",
        "max_dist": 350,
        "lr": 0.001,
        "num_gnn_layers": 4,
        "num_head_layers": 4,
        "hid_dim": 32,
        "dropout": 0.0,
        "use_bn": 0,
        "act_fn": "relu",
        "src_dst_agg": "concat",
        "num_hops": 2,
        "to_undirected": 1,
        "use_stats": 1,
        "log_dir": "./logs",
        "use_focal_loss": 0,
        "train_sample_rate": 0.1,
        "test_sample_rate": 1.0
    },
    "metrics": {
        "mae": 0.0040279086232296365,
        "r2": 0.6687347888946533,
        "loss": 0.0006100314684186326,
        "test_results": {
            "ssram": {
                "mae": 0.007022568062937903,
                "r2": -0.21356713771820068
            },
            "digtime": {
                "mae": 0.006954883350365197,
                "r2": -0.15338659286499023
            },
            "timing_ctrl": {
                "mae": 0.005862379868557029,
                "r2": 0.4847896695137024
            },
            "array_128_32_8t": {
                "mae": 0.00605271786534789,
                "r2": -0.0433504581451416
            }
        }
    },
    "is_best": true
}