{
    "model_name": "regressor",
    "dataset_name": "sandwich+ultra8t_to_ssram+digtime+timing_ctrl+array_128_32_8t",
    "epoch": 14,
    "timestamp": "20250402_165507",
    "params": {
        "train_dataset": "sandwich+ultra8t",
        "test_dataset": "ssram+digtime+timing_ctrl+array_128_32_8t",
        "task": "regression",
        "max_dist": 350,
        "lr": 0.001,
        "num_gnn_layers": 4,
        "num_head_layers": 4,
        "hid_dim": 32,
        "dropout": 0.0,
        "use_bn": 0,
        "act_fn": "relu",
        "src_dst_agg": "concat",
        "num_hops": 2,
        "to_undirected": 1,
        "use_stats": 1,
        "log_dir": "./logs",
        "use_focal_loss": 0,
        "train_sample_rate": 0.1,
        "test_sample_rate": 1.0
    },
    "metrics": {
        "mae": 0.003777679998124682,
        "r2": 0.6788500547409058,
        "loss": 0.0005969041491464217,
        "test_results": {
            "ssram": {
                "mae": 0.006347592834287661,
                "r2": -0.05335187911987305
            },
            "digtime": {
                "mae": 0.006108350495793926,
                "r2": -0.007891654968261719
            },
            "timing_ctrl": {
                "mae": 0.005792344565188388,
                "r2": 0.46428823471069336
            },
            "array_128_32_8t": {
                "mae": 0.005427206387078317,
                "r2": 0.04536980390548706
            }
        }
    },
    "is_best": true
}