{
    "model_name": "regressor",
    "dataset_name": "sandwich+ultra8t_to_ssram+digtime+timing_ctrl+array_128_32_8t",
    "epoch": 11,
    "timestamp": "20250402_155252",
    "params": {
        "train_dataset": "sandwich+ultra8t",
        "test_dataset": "ssram+digtime+timing_ctrl+array_128_32_8t",
        "task": "regression",
        "max_dist": 350,
        "lr": 0.001,
        "num_gnn_layers": 4,
        "num_head_layers": 4,
        "hid_dim": 32,
        "dropout": 0.0,
        "use_bn": 0,
        "act_fn": "relu",
        "src_dst_agg": "concat",
        "num_hops": 2,
        "to_undirected": 1,
        "use_stats": 1,
        "log_dir": "./logs",
        "use_focal_loss": 0,
        "train_sample_rate": 0.1,
        "test_sample_rate": 1.0
    },
    "metrics": {
        "mae": 0.003812144485006673,
        "r2": 0.6733614802360535,
        "loss": 0.0006059552337179516,
        "test_results": {
            "ssram": {
                "mae": 0.006862156862291412,
                "r2": -0.2848997116088867
            },
            "digtime": {
                "mae": 0.006250831951845938,
                "r2": 0.003224790096282959
            },
            "timing_ctrl": {
                "mae": 0.005344141988900199,
                "r2": 0.5267059206962585
            },
            "array_128_32_8t": {
                "mae": 0.005663609456372055,
                "r2": 0.02319246530532837
            }
        }
    },
    "is_best": true
}