{
    "model_name": "regressor",
    "dataset_name": "sandwich+ultra8t_to_ssram+digtime+timing_ctrl+array_128_32_8t",
    "epoch": 7,
    "timestamp": "20250402_142914",
    "params": {
        "train_dataset": "sandwich+ultra8t",
        "test_dataset": "ssram+digtime+timing_ctrl+array_128_32_8t",
        "task": "regression",
        "max_dist": 350,
        "lr": 0.001,
        "num_gnn_layers": 4,
        "num_head_layers": 4,
        "hid_dim": 32,
        "dropout": 0.0,
        "use_bn": 0,
        "act_fn": "relu",
        "src_dst_agg": "concat",
        "num_hops": 2,
        "to_undirected": 1,
        "use_stats": 1,
        "log_dir": "./logs",
        "use_focal_loss": 0,
        "train_sample_rate": 0.1,
        "test_sample_rate": 1.0
    },
    "metrics": {
        "mae": 0.003966451846341164,
        "r2": 0.6638612151145935,
        "loss": 0.0006257667169556546,
        "test_results": {
            "ssram": {
                "mae": 0.0056760896047384525,
                "r2": 0.19715631008148193
            },
            "digtime": {
                "mae": 0.005773451939151061,
                "r2": 0.17711251974105835
            },
            "timing_ctrl": {
                "mae": 0.006046685868828925,
                "r2": 0.47462767362594604
            },
            "array_128_32_8t": {
                "mae": 0.006388006982038333,
                "r2": -0.04771709442138672
            }
        }
    },
    "is_best": true
}