{
    "model_name": "regressor",
    "dataset_name": "sandwich+ultra8t_to_ssram+digtime+timing_ctrl+array_128_32_8t",
    "epoch": 5,
    "timestamp": "20250402_134604",
    "params": {
        "train_dataset": "sandwich+ultra8t",
        "test_dataset": "ssram+digtime+timing_ctrl+array_128_32_8t",
        "task": "regression",
        "max_dist": 350,
        "lr": 0.001,
        "num_gnn_layers": 4,
        "num_head_layers": 4,
        "hid_dim": 32,
        "dropout": 0.0,
        "use_bn": 0,
        "act_fn": "relu",
        "src_dst_agg": "concat",
        "num_hops": 2,
        "to_undirected": 1,
        "use_stats": 1,
        "log_dir": "./logs",
        "use_focal_loss": 0,
        "train_sample_rate": 0.1,
        "test_sample_rate": 1.0
    },
    "metrics": {
        "mae": 0.003989624360479656,
        "r2": 0.6585955619812012,
        "loss": 0.0006387725669264213,
        "test_results": {
            "ssram": {
                "mae": 0.005750125430973602,
                "r2": 0.22811120748519897
            },
            "digtime": {
                "mae": 0.00542150519380522,
                "r2": 0.2812299132347107
            },
            "timing_ctrl": {
                "mae": 0.006445380671582993,
                "r2": 0.3479071259498596
            },
            "array_128_32_8t": {
                "mae": 0.006698957587196186,
                "r2": -0.16269659996032715
            }
        }
    },
    "is_best": true
}