{
    "model_name": "regressor",
    "dataset_name": "sandwich+ultra8t_to_ssram+digtime+timing_ctrl+array_128_32_8t",
    "epoch": 6,
    "timestamp": "20250402_140718",
    "params": {
        "train_dataset": "sandwich+ultra8t",
        "test_dataset": "ssram+digtime+timing_ctrl+array_128_32_8t",
        "task": "regression",
        "max_dist": 350,
        "lr": 0.001,
        "num_gnn_layers": 4,
        "num_head_layers": 4,
        "hid_dim": 32,
        "dropout": 0.0,
        "use_bn": 0,
        "act_fn": "relu",
        "src_dst_agg": "concat",
        "num_hops": 2,
        "to_undirected": 1,
        "use_stats": 1,
        "log_dir": "./logs",
        "use_focal_loss": 0,
        "train_sample_rate": 0.1,
        "test_sample_rate": 1.0
    },
    "metrics": {
        "mae": 0.003975128233633419,
        "r2": 0.6630864143371582,
        "loss": 0.0006322558412553593,
        "test_results": {
            "ssram": {
                "mae": 0.005886527877017779,
                "r2": 0.12209570407867432
            },
            "digtime": {
                "mae": 0.005658747100118381,
                "r2": 0.22680717706680298
            },
            "timing_ctrl": {
                "mae": 0.006603915726069105,
                "r2": 0.3426660895347595
            },
            "array_128_32_8t": {
                "mae": 0.006811932561378724,
                "r2": -0.15378344058990479
            }
        }
    },
    "is_best": true
}