{
    "model_name": "regressor",
    "dataset_name": "sandwich+ultra8t_to_ssram+digtime+timing_ctrl+array_128_32_8t",
    "epoch": 1,
    "timestamp": "20250402_121858",
    "params": {
        "train_dataset": "sandwich+ultra8t",
        "test_dataset": "ssram+digtime+timing_ctrl+array_128_32_8t",
        "task": "regression",
        "max_dist": 350,
        "lr": 0.001,
        "num_gnn_layers": 4,
        "num_head_layers": 4,
        "hid_dim": 32,
        "dropout": 0.0,
        "use_bn": 0,
        "act_fn": "relu",
        "src_dst_agg": "concat",
        "num_hops": 2,
        "to_undirected": 1,
        "use_stats": 1,
        "log_dir": "./logs",
        "use_focal_loss": 0,
        "train_sample_rate": 0.1,
        "test_sample_rate": 1.0
    },
    "metrics": {
        "mae": 0.004431603489879564,
        "r2": 0.611893892288208,
        "loss": 0.0009017561196630907,
        "test_results": {
            "ssram": {
                "mae": 0.005312983649651086,
                "r2": 0.3138079047203064
            },
            "digtime": {
                "mae": 0.005552889139794592,
                "r2": 0.22066253423690796
            },
            "timing_ctrl": {
                "mae": 0.006584757987600957,
                "r2": 0.4254942536354065
            },
            "array_128_32_8t": {
                "mae": 0.004584140956614904,
                "r2": 0.40462130308151245
            }
        }
    },
    "is_best": true
}