{
    "model_name": "regressor",
    "dataset_name": "sandwich+ultra8t_to_ssram+digtime+timing_ctrl+array_128_32_8t",
    "epoch": 15,
    "timestamp": "20250402_171513",
    "params": {
        "train_dataset": "sandwich+ultra8t",
        "test_dataset": "ssram+digtime+timing_ctrl+array_128_32_8t",
        "task": "regression",
        "max_dist": 350,
        "lr": 0.001,
        "num_gnn_layers": 4,
        "num_head_layers": 4,
        "hid_dim": 32,
        "dropout": 0.0,
        "use_bn": 0,
        "act_fn": "relu",
        "src_dst_agg": "concat",
        "num_hops": 2,
        "to_undirected": 1,
        "use_stats": 1,
        "log_dir": "./logs",
        "use_focal_loss": 0,
        "train_sample_rate": 0.1,
        "test_sample_rate": 1.0
    },
    "metrics": {
        "mae": 0.0037645541401411745,
        "r2": 0.6826199293136597,
        "loss": 0.0005931995091179215,
        "test_results": {
            "ssram": {
                "mae": 0.006344078957447008,
                "r2": -0.10471463203430176
            },
            "digtime": {
                "mae": 0.0062228272766319676,
                "r2": -0.10848748683929443
            },
            "timing_ctrl": {
                "mae": 0.005856588811460215,
                "r2": 0.47339874505996704
            },
            "array_128_32_8t": {
                "mae": 0.005230309252582975,
                "r2": 0.17373275756835938
            }
        }
    },
    "is_best": true
}