{
    "model_name": "regressor",
    "dataset_name": "sandwich+ultra8t_to_ssram+digtime+timing_ctrl+array_128_32_8t",
    "epoch": 12,
    "timestamp": "20250402_161341",
    "params": {
        "train_dataset": "sandwich+ultra8t",
        "test_dataset": "ssram+digtime+timing_ctrl+array_128_32_8t",
        "task": "regression",
        "max_dist": 350,
        "lr": 0.001,
        "num_gnn_layers": 4,
        "num_head_layers": 4,
        "hid_dim": 32,
        "dropout": 0.0,
        "use_bn": 0,
        "act_fn": "relu",
        "src_dst_agg": "concat",
        "num_hops": 2,
        "to_undirected": 1,
        "use_stats": 1,
        "log_dir": "./logs",
        "use_focal_loss": 0,
        "train_sample_rate": 0.1,
        "test_sample_rate": 1.0
    },
    "metrics": {
        "mae": 0.003854723020342759,
        "r2": 0.6775798797607422,
        "loss": 0.0006019642276084626,
        "test_results": {
            "ssram": {
                "mae": 0.006677033503136729,
                "r2": -0.17677390575408936
            },
            "digtime": {
                "mae": 0.006816367122960921,
                "r2": -0.1588689088821411
            },
            "timing_ctrl": {
                "mae": 0.005907228451804502,
                "r2": 0.46382570266723633
            },
            "array_128_32_8t": {
                "mae": 0.005869919626381335,
                "r2": -0.04950273036956787
            }
        }
    },
    "is_best": true
}