{
    "model_name": "regressor",
    "dataset_name": "sandwich+ultra8t_to_ssram+digtime+timing_ctrl+array_128_32_8t",
    "epoch": 8,
    "timestamp": "20250402_145007",
    "params": {
        "train_dataset": "sandwich+ultra8t",
        "test_dataset": "ssram+digtime+timing_ctrl+array_128_32_8t",
        "task": "regression",
        "max_dist": 350,
        "lr": 0.001,
        "num_gnn_layers": 4,
        "num_head_layers": 4,
        "hid_dim": 32,
        "dropout": 0.0,
        "use_bn": 0,
        "act_fn": "relu",
        "src_dst_agg": "concat",
        "num_hops": 2,
        "to_undirected": 1,
        "use_stats": 1,
        "log_dir": "./logs",
        "use_focal_loss": 0,
        "train_sample_rate": 0.1,
        "test_sample_rate": 1.0
    },
    "metrics": {
        "mae": 0.0038916234275318583,
        "r2": 0.6673756837844849,
        "loss": 0.0006194183771226561,
        "test_results": {
            "ssram": {
                "mae": 0.006363221387884281,
                "r2": 0.009324431419372559
            },
            "digtime": {
                "mae": 0.0055921720479851335,
                "r2": 0.09460806846618652
            },
            "timing_ctrl": {
                "mae": 0.0062910181143567825,
                "r2": 0.41858482360839844
            },
            "array_128_32_8t": {
                "mae": 0.005753010103064085,
                "r2": 0.06153595447540283
            }
        }
    },
    "is_best": true
}