{
    "model_name": "regressor",
    "dataset_name": "sandwich+ultra8t_to_ssram+digtime+timing_ctrl+array_128_32_8t",
    "epoch": 2,
    "timestamp": "20250402_123740",
    "params": {
        "train_dataset": "sandwich+ultra8t",
        "test_dataset": "ssram+digtime+timing_ctrl+array_128_32_8t",
        "task": "regression",
        "max_dist": 350,
        "lr": 0.001,
        "num_gnn_layers": 4,
        "num_head_layers": 4,
        "hid_dim": 32,
        "dropout": 0.0,
        "use_bn": 0,
        "act_fn": "relu",
        "src_dst_agg": "concat",
        "num_hops": 2,
        "to_undirected": 1,
        "use_stats": 1,
        "log_dir": "./logs",
        "use_focal_loss": 0,
        "train_sample_rate": 0.1,
        "test_sample_rate": 1.0
    },
    "metrics": {
        "mae": 0.004137785260122164,
        "r2": 0.642290472984314,
        "loss": 0.0006881236024880643,
        "test_results": {
            "ssram": {
                "mae": 0.005419591199210476,
                "r2": 0.3024788498878479
            },
            "digtime": {
                "mae": 0.005238733963290257,
                "r2": 0.2714865803718567
            },
            "timing_ctrl": {
                "mae": 0.006456725847030809,
                "r2": 0.4040561318397522
            },
            "array_128_32_8t": {
                "mae": 0.005704336984694976,
                "r2": 0.112437903881073
            }
        }
    },
    "is_best": true
}